City,Country,Date,Lat,Lng,Max Temp,Humidity,Cloudiness,Wind Speed
Cap-Aux-Meules,CA,6/27/2021 0:25,47.3821,-61.8597,68.05,83,75,11.5
Cap-Aux-Meules,CA,6/27/2021 1:30,47.3821,-61.8597,66.25,82,75,6.91
Zubtsov,RU,6/27/2021 1:51,56.1753,34.5894,64.13,96,59,3.65
Mataura,NZ,6/27/2021 1:51,-46.1927,168.8643,53.47,79,79,5.44
Tessalit,ML,6/27/2021 1:51,20.1986,1.0114,92.39,9,0,7.76
Yellowknife,CA,6/27/2021 1:46,62.456,-114.3525,77.56,33,20,19.57
Ushuaia,AR,6/27/2021 1:50,-54.8,-68.3,37.06,75,0,4.61
Chingola,ZM,6/27/2021 1:51,-12.529,27.8838,50.81,62,2,4.18
Fairview,US,6/27/2021 1:51,40.8126,-73.999,79.39,80,1,10
Hasaki,JP,6/27/2021 1:51,35.7333,140.8333,81.18,76,100,6.89
Fairbanks,US,6/27/2021 1:47,64.8378,-147.7164,73.6,44,75,5.75
Tandil,AR,6/27/2021 1:50,-37.3217,-59.1332,45.3,85,98,7
Kruisfontein,ZA,6/27/2021 1:51,-34.0033,24.7314,46.89,86,87,5.06
Corner Brook,CA,6/27/2021 1:51,48.9667,-57.9484,66.36,98,100,4.27
Atuona,PF,6/27/2021 1:51,-9.8,-139.0333,78.71,67,6,20.54
Punta Arenas,CL,6/27/2021 1:51,-53.15,-70.9167,37.51,75,90,12.66
Georgetown,MY,6/27/2021 1:51,5.4112,100.3354,85.89,77,20,1.99
Vawkavysk,BY,6/27/2021 1:51,53.1561,24.4513,59.94,86,99,10.13
Broken Hill,AU,6/27/2021 1:51,-31.95,141.4333,53.31,62,0,6.91
Butaritari,KI,6/27/2021 1:51,3.0707,172.7902,82.85,76,100,13.78
Esperance,AU,6/27/2021 1:51,-33.8667,121.9,51.64,51,1,20.6
Kapaa,US,6/27/2021 1:51,22.0752,-159.319,84.52,65,90,4
Jardim,BR,6/27/2021 1:51,-21.4803,-56.1381,70.07,50,6,3.91
Upernavik,GL,6/27/2021 1:51,72.7868,-56.1549,37.78,95,100,15.79
Albany,US,6/27/2021 1:48,42.6001,-73.9662,77.65,80,99,7.18
Codrington,AU,6/27/2021 1:51,-38.2667,141.9667,56.8,71,47,5.06
Vila,PT,6/27/2021 1:51,42.0304,-8.1588,52.74,91,71,3.13
Busselton,AU,6/27/2021 1:51,-33.65,115.3333,57.04,90,100,26.87
Vadinsk,RU,6/27/2021 1:51,53.6916,43.0574,68.07,88,42,3.83
Carnarvon,AU,6/27/2021 1:51,-24.8667,113.6333,59.07,57,15,11.5
Rikitea,PF,6/27/2021 1:51,-23.1203,-134.9692,74.35,74,2,8.59
Anadyr,RU,6/27/2021 1:51,64.75,177.4833,50.5,61,0,13
Clyde River,CA,6/27/2021 1:51,70.4692,-68.5914,34.03,93,90,18.41
Ust-Ishim,RU,6/27/2021 1:51,57.6935,71.1665,64.29,63,79,6.2
Ancud,CL,6/27/2021 1:51,-41.8697,-73.8203,39.22,88,23,5.44
Tezu,IN,6/27/2021 1:51,27.9167,96.1667,77.04,99,100,2.08
Hanmer Springs,NZ,6/27/2021 1:51,-42.5167,172.8167,55.69,59,39,16.06
Shelburne,CA,6/27/2021 1:51,44.0787,-80.2041,76.89,80,100,20.65
Chokurdakh,RU,6/27/2021 1:51,70.6333,147.9167,80.78,32,30,6.51
Port Alfred,ZA,6/27/2021 1:51,-33.5906,26.891,54.61,79,98,8.46
East London,ZA,6/27/2021 1:49,-33.0153,27.9116,56.66,63,95,5.91
Lagoa,PT,6/27/2021 1:51,39.05,-27.9833,66.74,77,51,10.33
Ulaangom,MN,6/27/2021 1:51,49.9811,92.0667,64.38,41,79,15.32
Teya,RU,6/27/2021 1:51,60.3778,92.6267,53.91,78,85,8.21
Laguna,US,6/27/2021 1:51,38.421,-121.4238,104.45,35,1,5.01
Saskylakh,RU,6/27/2021 1:51,71.9167,114.0833,50.29,46,96,4.38
San Patricio,US,6/27/2021 1:51,28.017,-97.5169,84.88,76,3,14.65
Port Elizabeth,ZA,6/27/2021 1:51,-33.918,25.5701,53.89,82,0,8.05
Berezayka,RU,6/27/2021 1:51,57.9883,33.9036,63.72,89,21,1.39
Nadym,RU,6/27/2021 1:51,65.5333,72.5167,53.29,49,67,4.32
Isernia,IT,6/27/2021 1:51,41.6002,14.2382,64.44,68,0,3.6
Saint Anthony,US,6/27/2021 1:51,45.0205,-93.218,71.22,91,90,6.91
Huron,US,6/27/2021 1:51,41.1501,-82.5499,80.06,70,100,18.3
Faanui,PF,6/27/2021 1:51,-16.4833,-151.75,81.19,74,2,8.19
Filingue,NE,6/27/2021 1:51,14.3521,3.3168,90.72,40,54,16.62
Kodiak,US,6/27/2021 1:51,57.79,-152.4072,54.91,76,75,12.66
Tommot,RU,6/27/2021 1:51,58.9564,126.2925,64.87,90,100,1.68
Vacaville,US,6/27/2021 1:48,38.3566,-121.9877,102.67,29,1,10.36
Derzhavinsk,KZ,6/27/2021 1:51,51.1,66.3167,70.36,44,51,2.24
Vrangel,RU,6/27/2021 1:51,42.7297,133.0839,63.93,83,94,4.43
Qaanaaq,GL,6/27/2021 1:51,77.484,-69.3632,38.05,80,53,1.95
Sidi Ali,DZ,6/27/2021 1:51,36.0998,0.4206,66.36,88,13,2.64
Klaksvik,FO,6/27/2021 1:51,62.2266,-6.589,47.32,86,77,8.1
Ust-Kulom,RU,6/27/2021 1:51,61.6864,53.6902,64.47,70,62,3.71
Mount Gambier,AU,6/27/2021 1:51,-37.8333,140.7667,55.31,82,19,4.61
Longyearbyen,SJ,6/27/2021 1:51,78.2186,15.6401,38.23,84,18,5.08
Coihaique,CL,6/27/2021 1:51,-45.5752,-72.0662,31.95,86,0,5.75
Korla,CN,6/27/2021 1:51,41.7597,86.1469,82.42,13,3,7.63
Mahebourg,MU,6/27/2021 1:51,-20.4081,57.7,71.26,94,40,4.61
Kisaran,ID,6/27/2021 1:51,2.9845,99.6158,83.01,71,66,1.16
Aktash,RU,6/27/2021 1:51,50.3,87.7333,37.76,91,100,1.05
Vostok,RU,6/27/2021 1:51,46.4856,135.8833,78.69,41,100,5.82
Marzuq,YE,6/27/2021 1:51,14.4,46.4667,72.3,62,91,7.4
Sola,VU,6/27/2021 1:51,-13.8833,167.55,79.75,71,67,20.13
Severo-Kurilsk,RU,6/27/2021 1:51,50.6789,156.125,47.12,88,67,15.52
Jamestown,US,6/27/2021 1:47,42.097,-79.2353,80.19,71,1,5.99
Nome,US,6/27/2021 1:51,64.5011,-165.4064,60.17,62,1,11.5
Calamar,CO,6/27/2021 1:51,10.2511,-74.9146,84.15,92,95,4.5
Ipixuna,BR,6/27/2021 1:51,-1.7625,-48.8043,75.15,98,38,2.77
Moerai,PF,6/27/2021 1:51,-22.4333,-151.3333,76.64,82,100,6.26
Bluff,NZ,6/27/2021 1:51,-46.6,168.3333,53.8,84,90,17.58
Ambilobe,MG,6/27/2021 1:51,-13.2,49.05,64.04,92,29,3.44
Mahibadhoo,MV,6/27/2021 1:51,3.7833,72.9667,81.23,76,27,9.73
Champerico,GT,6/27/2021 1:51,14.3,-91.9167,82.76,77,100,6.6
Hobart,AU,6/27/2021 1:50,-42.8794,147.3294,55.26,63,40,1.99
Pouembout,NC,6/27/2021 1:51,-21.1333,164.9,77.09,61,99,3.96
Sambava,MG,6/27/2021 1:51,-14.2667,50.1667,68.18,87,11,9.75
Nyuksenitsa,RU,6/27/2021 1:51,60.4128,44.2397,66.99,94,5,4.29
Saint-Pierre,RE,6/27/2021 1:51,-21.3393,55.4781,67.68,77,75,6.91
Waipawa,NZ,6/27/2021 1:51,-41.4122,175.5153,54.45,88,100,15.35
Ust-Maya,RU,6/27/2021 1:51,60.4167,134.5333,80.2,36,100,3.69
Tuktoyaktuk,CA,6/27/2021 1:51,69.4541,-133.0374,60.8,59,75,12.66
Kotido,UG,6/27/2021 1:51,2.9806,34.1331,66.16,69,93,8.55
Hilo,US,6/27/2021 1:51,19.7297,-155.09,82.13,70,1,11.5
Omboue,GA,6/27/2021 1:51,-1.5746,9.2618,72.34,93,49,5.93
Olafsvik,IS,6/27/2021 1:51,64.8945,-23.7142,47.91,92,44,10.96
Vaini,TO,6/27/2021 1:51,-21.2,-175.2,75.36,73,40,12.66
Baley,RU,6/27/2021 1:51,51.6,116.6333,75.24,58,96,2.13
Westport,US,6/27/2021 1:51,41.1415,-73.3579,77.25,89,1,1.01
Pacific Grove,US,6/27/2021 1:51,36.6177,-121.9166,84.6,84,20,5.99
Chuy,UY,6/27/2021 1:51,-33.6971,-53.4616,55.92,96,100,7.34
Kapit,MY,6/27/2021 1:51,2.0167,112.9333,79.34,84,100,0.81
Cherskiy,RU,6/27/2021 1:51,68.75,161.3,75.74,32,100,6.98
Katsuura,JP,6/27/2021 1:51,35.1333,140.3,81.23,86,100,7.47
Pevek,RU,6/27/2021 1:51,69.7008,170.3133,43.52,60,100,6.82
Bhag,PK,6/27/2021 1:51,29.0415,67.8239,95.2,40,0,7.23
Gravdal,NO,6/27/2021 1:51,68.1214,13.5031,49.69,93,100,31.76
Tasiilaq,GL,6/27/2021 1:51,65.6145,-37.6368,41.58,68,35,6.31
Kirakira,SB,6/27/2021 1:51,-10.4544,161.9205,83.93,65,47,12.75
Pasni,PK,6/27/2021 1:51,25.2631,63.471,82.76,77,77,9.04
Asau,RO,6/27/2021 1:51,46.4333,26.4,63.52,100,11,3.58
Ponta Do Sol,PT,6/27/2021 1:51,32.6667,-17.1,66.83,64,20,4.43
Bredasdorp,ZA,6/27/2021 1:51,-34.5322,20.0403,52.92,62,46,11.5
Oranjestad,AW,6/27/2021 1:48,12.524,-70.027,82.35,86,20,5.99
Erenhot,CN,6/27/2021 1:51,43.6475,111.9767,83.43,28,2,4.29
Whitehorse,CA,6/27/2021 1:51,60.7161,-135.0538,72.37,37,75,18.99
Yenagoa,NG,6/27/2021 1:51,4.9247,6.2642,74.61,91,100,3.42
San Francisco,US,6/27/2021 1:48,37.7749,-122.4194,86.85,80,20,4
Tahoua,NE,6/27/2021 1:51,14.8888,5.2692,89.28,37,7,12.15
Mar Del Plata,AR,6/27/2021 1:50,-38.0023,-57.5575,51.13,74,0,11.99
Coquimbo,CL,6/27/2021 1:47,-29.9533,-71.3436,51.53,87,20,0
Ilulissat,GL,6/27/2021 1:51,69.2167,-51.1,40.23,84,75,6.82
Fortuna,US,6/27/2021 1:51,40.5982,-124.1573,67.93,76,1,3
Bathsheba,BB,6/27/2021 1:51,13.2167,-59.5167,81.21,65,20,19.57
Moose Factory,CA,6/27/2021 1:51,51.2585,-80.6094,51.8,62,1,8.05
Pisco,PE,6/27/2021 1:51,-13.7,-76.2167,62.65,82,20,12.66
Lebu,CL,6/27/2021 1:51,-37.6167,-73.65,43.63,80,1,12.46
Ndele,CF,6/27/2021 1:51,8.4109,20.6473,67.75,94,25,4.41
Alindao,CF,6/27/2021 1:51,5.0267,21.2088,71.13,84,89,0.6
Mangrol,IN,6/27/2021 1:51,21.1167,70.1167,84.33,69,83,11.1
Mehran,IR,6/27/2021 1:51,33.1222,46.1646,85.48,8,0,9.78
Aykhal,RU,6/27/2021 1:51,66,111.5,73.49,42,100,11.52
Hermanus,ZA,6/27/2021 1:51,-34.4187,19.2345,53.91,77,20,9.66
Dom Pedrito,BR,6/27/2021 1:49,-30.9828,-54.6731,51.67,96,100,10.13
Kaeo,NZ,6/27/2021 1:51,-35.1,173.7833,66.33,85,100,16.2
Iqaluit,CA,6/27/2021 1:51,63.7506,-68.5145,37.13,74,75,5.01
Castro,BR,6/27/2021 1:51,-24.7911,-50.0119,57.88,79,3,4.72
Presidencia Roque Saenz Pena,AR,6/27/2021 1:51,-26.7852,-60.4388,51.33,76,100,15.41
Krasnyy Chikoy,RU,6/27/2021 1:51,50.3643,108.7512,77.86,49,99,2.33
Riyadh,SA,6/27/2021 1:51,24.6877,46.7219,89.74,10,0,5.46
Cape Town,ZA,6/27/2021 1:49,-33.9258,18.4232,57.88,65,40,5.01
Tilichiki,RU,6/27/2021 1:51,60.4667,166.1,53.89,76,59,9.75
Puerto Ayora,EC,6/27/2021 1:51,-0.7393,-90.3518,72.55,90,7,4
Bikaner,IN,6/27/2021 1:51,28.0167,73.3,92.26,44,2,13.85
Portland,US,6/27/2021 1:50,45.5234,-122.6762,106.61,29,1,1.99
Monrovia,LR,6/27/2021 1:51,6.3005,-10.7969,77.4,85,96,5.97
Meadow Lake,US,6/27/2021 1:51,34.8014,-106.5436,83.68,21,78,9.73
Hambantota,LK,6/27/2021 1:51,6.1241,81.1185,77.34,100,20,4.61
Port Macquarie,AU,6/27/2021 1:51,-31.4333,152.9167,63.9,50,0,2.21
Itarema,BR,6/27/2021 1:51,-2.9248,-39.9167,76.03,81,5,3.83
Necochea,AR,6/27/2021 1:51,-38.5473,-58.7368,45.03,78,95,11.3
Airai,TL,6/27/2021 1:51,-8.9266,125.4092,70.63,59,72,5.03
Ajdabiya,LY,6/27/2021 1:51,30.7554,20.2263,82.8,28,0,6.85
Avera,US,6/27/2021 1:51,33.194,-82.5271,80.47,79,55,6.82
Miyako,JP,6/27/2021 1:51,39.6367,141.9525,74.23,69,37,6.04
Narsaq,GL,6/27/2021 1:51,60.9167,-46.05,49.03,93,100,2.53
Saldanha,ZA,6/27/2021 1:51,-33.0117,17.9442,48.25,84,9,10.16
Khatanga,RU,6/27/2021 1:51,71.9667,102.5,52.81,43,99,10.94
Lompoc,US,6/27/2021 1:51,34.6391,-120.4579,79.41,76,1,14.97
Tiarei,PF,6/27/2021 1:51,-17.5333,-149.3333,84.22,70,0,4.21
Inuvik,CA,6/27/2021 1:51,68.3499,-133.7218,74.26,43,75,5.75
Barrow,US,6/27/2021 1:52,71.2906,-156.7887,46.42,78,90,14.97
Pangnirtung,CA,6/27/2021 1:52,66.1451,-65.7125,36.16,99,100,1.77
Kidal,ML,6/27/2021 1:52,18.4411,1.4078,91.94,19,52,6.91
North Bend,US,6/27/2021 1:52,43.4065,-124.2243,77.92,78,1,11.5
Qaqortoq,GL,6/27/2021 1:52,60.7167,-46.0333,45.82,95,100,1.5
Aklavik,CA,6/27/2021 1:52,68.2191,-135.0107,74.23,39,100,11.36
Tivaouane,SN,6/27/2021 1:52,14.9515,-16.8129,75.54,73,88,11.12
Cockburn Town,TC,6/27/2021 1:52,21.4612,-71.1419,80.58,76,0,15.73
Meulaboh,ID,6/27/2021 1:52,4.1363,96.1285,77.52,87,48,5.08
Veraval,IN,6/27/2021 1:52,20.9,70.3667,84.65,67,84,11.45
Tura,IN,6/27/2021 1:52,25.5198,90.2201,78.24,92,38,5.88
Kavaratti,IN,6/27/2021 1:52,10.5669,72.642,81.72,77,100,15.46
Cidreira,BR,6/27/2021 1:52,-30.1811,-50.2056,62.49,99,100,3.85
Saint George,US,6/27/2021 1:47,37.1041,-113.5841,102.79,12,1,8.01
Soe,ID,6/27/2021 1:52,-9.8607,124.284,76.19,63,37,9.78
Okhansk,RU,6/27/2021 1:52,57.7186,55.3877,64.47,85,9,1.68
Bhubaneswar,IN,6/27/2021 1:52,20.2333,85.8333,86.09,89,40,3.44
Yar-Sale,RU,6/27/2021 1:52,66.8333,70.8333,50.4,52,100,4.97
Constitucion,CL,6/27/2021 1:52,-35.3333,-72.4167,42.87,77,0,7.07
Hithadhoo,MV,6/27/2021 1:52,-0.6,73.0833,82,72,69,8.23
Hay River,CA,6/27/2021 1:52,60.8156,-115.7999,73.38,43,20,4.61
Hit,IQ,6/27/2021 1:52,33.6416,42.8251,87.46,19,0,2.66
Mareeba,AU,6/27/2021 1:52,-17,145.4333,76.44,72,100,6.64
Thompson,CA,6/27/2021 1:49,55.7435,-97.8558,73.56,28,20,6.91
Cabo San Lucas,MX,6/27/2021 1:50,22.8909,-109.9124,89.62,62,39,7
Nikolskoye,RU,6/27/2021 1:52,59.7035,30.7861,66.02,90,39,2.19
Nuuk,GL,6/27/2021 1:52,64.1835,-51.7216,43.88,93,100,5.99
Sao Joao Da Barra,BR,6/27/2021 1:52,-21.6403,-41.0511,70.84,74,14,13.65
Atar,MR,6/27/2021 1:52,20.5169,-13.0499,88.72,25,3,5.3
Wukari,NG,6/27/2021 1:52,7.85,9.7833,69.1,98,100,4.12
Bengkulu,ID,6/27/2021 1:52,-3.8004,102.2655,80.29,75,8,0.58
Tigil,RU,6/27/2021 1:52,57.8,158.6667,64.6,59,27,8.99
Zhuhai,CN,6/27/2021 1:52,22.2769,113.5678,89.71,89,40,12.66
Waling,NP,6/27/2021 1:52,27.9833,83.7667,77.36,70,78,0.81
Bethel,US,6/27/2021 1:52,41.3712,-73.414,76.42,86,100,7.54
Barcelos,PT,6/27/2021 1:52,41.5388,-8.6151,61.84,97,34,3.74
Nyagan,RU,6/27/2021 1:52,62.1406,65.3936,53.46,78,100,3.11
Bambous Virieux,MU,6/27/2021 1:52,-20.3428,57.7575,71.22,94,40,4.61
Bubaque,GW,6/27/2021 1:52,11.2833,-15.8333,77.95,80,100,8.1
Novoshcherbinovskaya,RU,6/27/2021 1:52,46.4767,38.6476,67.1,94,10,7.61
Verkhoyansk,RU,6/27/2021 1:52,67.5447,133.385,85.86,27,20,8.61
Sundsvall,SE,6/27/2021 1:52,62.3913,17.3063,56.97,88,40,6.91
Sinop,TR,6/27/2021 1:52,41.7711,34.8709,63.63,85,18,5.97
Namatanai,PG,6/27/2021 1:52,-3.6667,152.4333,85.33,67,56,4.21
Benghazi,LY,6/27/2021 1:52,32.1167,20.0667,81.45,53,0,8.66
Thinadhoo,MV,6/27/2021 1:52,0.5333,72.9333,82.04,74,69,9.62
Victoria,HK,6/27/2021 1:49,22.2855,114.1577,89.65,88,93,5.99
Redlands,US,6/27/2021 1:52,34.0556,-117.1825,105.69,36,1,3
Forestville,US,6/27/2021 1:51,38.8451,-76.875,80.69,81,1,11.5
La Ronge,CA,6/27/2021 1:52,55.1001,-105.2842,64.65,82,75,2.3
Ouro Branco,BR,6/27/2021 1:52,-20.5208,-43.6919,52.56,92,7,1.9
Dikson,RU,6/27/2021 1:52,73.5069,80.5464,34.56,77,30,3.13
New Norfolk,AU,6/27/2021 1:52,-42.7826,147.0587,54.9,67,80,4
Port-Gentil,GA,6/27/2021 1:52,-0.7193,8.7815,75.96,84,98,15.14
Bereda,ES,6/27/2021 1:52,43.2686,-7.5406,53.58,100,100,4.52
Macamic,CA,6/27/2021 1:52,48.7502,-78.9996,70.03,93,100,5.59
Brae,GB,6/27/2021 1:52,60.3964,-1.353,49.91,94,70,15.23
Varadero,CU,6/27/2021 1:52,23.1536,-81.2514,79.45,81,90,13.15
Ribeira Grande,PT,6/27/2021 1:52,38.5167,-28.7,68.14,79,34,10.83
Watertown,US,6/27/2021 1:52,42.3709,-71.1828,78.22,80,90,5.01
Najran,SA,6/27/2021 1:52,17.4924,44.1277,77.65,14,65,3.36
Lengshuijiang,CN,6/27/2021 1:52,27.6881,111.4294,86.65,74,97,4.92
Duncan,US,6/27/2021 1:50,34.5023,-97.9578,79.36,87,90,9.22
Cayenne,GF,6/27/2021 1:52,4.9333,-52.3333,79.09,89,0,0
Aleksandrov Gay,RU,6/27/2021 1:52,50.147,48.5704,78.39,48,16,7.2
Kavieng,PG,6/27/2021 1:52,-2.5744,150.7967,85.03,66,94,5.5
Vila Franca Do Campo,PT,6/27/2021 1:52,37.7167,-25.4333,66.61,91,67,7.09
Belgrade,RS,6/27/2021 1:52,44.804,20.4651,66.54,64,0,4.61
Hami,CN,6/27/2021 1:52,42.8,93.45,80.58,21,100,13.96
Voyvozh,RU,6/27/2021 1:52,62.892,54.9635,63.52,68,53,5.21
Kahului,US,6/27/2021 1:48,20.8947,-156.47,87.82,40,40,16.11
Muros,ES,6/27/2021 1:52,42.7762,-9.0603,60.24,83,100,8.3
Alyangula,AU,6/27/2021 1:52,-13.8483,136.4192,73.27,73,75,11.5
Nioro,GM,6/27/2021 1:52,13.35,-15.75,79.07,76,100,8.88
Sao Filipe,CV,6/27/2021 1:52,14.8961,-24.4956,75.49,85,20,6.76
Kholodnyy,RU,6/27/2021 1:52,62.7167,147.95,76.48,25,36,1.45
Balkhash,KZ,6/27/2021 1:52,46.844,74.9804,59.61,58,0,13.42
Beloha,MG,6/27/2021 1:52,-25.1667,45.05,61.23,81,0,5.01
Quthing,LS,6/27/2021 1:52,-30.4,27.7003,34.74,69,48,2.35
Ilhabela,BR,6/27/2021 1:52,-23.7781,-45.3581,69.04,88,92,5.21
Bilibino,RU,6/27/2021 1:52,68.0546,166.4372,74.05,29,100,3.06
Port Keats,AU,6/27/2021 1:52,-14.25,129.55,81.09,34,48,12.1
Cambridge,CA,6/27/2021 1:48,43.3601,-80.3127,78.13,80,75,1.99
Zhigansk,RU,6/27/2021 1:52,66.7697,123.3711,73.09,52,47,4.74
Key West,US,6/27/2021 1:47,24.5557,-81.7826,84,78,1,11.5
Linfen,CN,6/27/2021 1:52,36.0889,111.5189,89.44,37,6,1.52
Seoul,KR,6/27/2021 1:52,37.5683,126.9778,80.17,61,40,4.61
Poum,NC,6/27/2021 1:52,-20.2333,164.0167,75.76,73,91,9.6
Salalah,OM,6/27/2021 1:52,17.0151,54.0924,78.96,85,66,3.33
Keti Bandar,PK,6/27/2021 1:52,24.1447,67.4497,84.49,66,99,16.53
Stokmarknes,NO,6/27/2021 1:52,68.5646,14.9108,52.5,89,99,18.45
Gombong,ID,6/27/2021 1:52,-7.6072,109.5142,83.1,78,31,0.6
Kingaroy,AU,6/27/2021 1:52,-26.5333,151.8333,60.84,44,0,9.22
Saint-Philippe,RE,6/27/2021 1:52,-21.3585,55.7679,67.59,78,4,6.17
Ostrovnoy,RU,6/27/2021 1:52,68.0531,39.5131,46.83,74,85,2.89
Nanortalik,GL,6/27/2021 1:52,60.1432,-45.2371,47.26,87,100,3.29
Vestmannaeyjar,IS,6/27/2021 1:52,63.4427,-20.2734,47.91,95,57,5.5
Urucara,BR,6/27/2021 1:52,-2.5364,-57.76,78.48,72,94,2.66
Markala,ML,6/27/2021 1:52,13.7021,-6.0659,85.44,49,23,0.31
Luderitz,NA,6/27/2021 1:52,-26.6481,15.1594,56.82,45,1,4.74
Lokoja,NG,6/27/2021 1:52,7.8024,6.743,71.37,97,100,1.5
Samana,DO,6/27/2021 1:52,19.2056,-69.3369,75.88,91,87,6.04
Lumeje,AO,6/27/2021 1:52,-11.55,20.7833,56.86,48,36,4.83
Saint-Joseph,RE,6/27/2021 1:52,-21.3667,55.6167,66.58,78,2,4.63
Piacabucu,BR,6/27/2021 1:52,-10.4056,-36.4344,72.43,85,94,7.61
Isangel,VU,6/27/2021 1:52,-19.55,169.2667,80.71,65,75,0
Grindavik,IS,6/27/2021 1:52,63.8424,-22.4338,48.67,100,75,13.8
Steinbach,DE,6/27/2021 1:52,50.1667,8.5667,66.07,76,0,8.05
Huangchuan,CN,6/27/2021 1:52,32.1272,115.0394,77.59,91,100,6.67
Tomatlan,MX,6/27/2021 1:52,19.9333,-105.25,77.32,88,100,0.98
Poya,NC,6/27/2021 1:52,-21.35,165.15,77.04,62,100,6.15
Alofi,NU,6/27/2021 1:52,-19.0595,-169.9187,75.09,73,10,21.85
Avarua,CK,6/27/2021 1:52,-21.2078,-159.775,75.25,64,75,12.66
Camacha,PT,6/27/2021 1:52,33.0833,-16.3333,63.82,63,75,8.05
Yuksekova,TR,6/27/2021 1:52,37.5736,44.2872,59.63,29,0,4.38
Tual,ID,6/27/2021 1:52,-5.6667,132.75,81,75,50,18.54
Ribnitz-Damgarten,DE,6/27/2021 1:52,54.25,12.4667,60.13,88,9,2.66
Kharp,RU,6/27/2021 1:52,66.8014,65.8081,50.2,98,100,6.53
Tabas,IR,6/27/2021 1:52,33.5959,56.9244,81.43,12,0,3.38
Katangli,RU,6/27/2021 1:52,51.7102,143.2326,52.83,84,98,9.33
Portales,US,6/27/2021 1:52,34.1862,-103.3344,66.33,83,41,5.01
Pala,TD,6/27/2021 1:52,9.3642,14.9046,72,89,94,6.87
Sangar,RU,6/27/2021 1:52,63.9242,127.4739,71.6,51,63,3.76
Bjornevatn,NO,6/27/2021 1:52,69.6672,29.9847,49.89,88,100,8.7
Russell,US,6/27/2021 1:52,32.3502,-85.1999,81.63,88,1,0
Bilma,NE,6/27/2021 1:52,18.6853,12.9164,88.07,11,6,9.93
Taihe,CN,6/27/2021 1:52,30.8712,105.3845,81.25,76,95,2.24
Kaitangata,NZ,6/27/2021 1:52,-46.2817,169.8464,52.23,79,97,5.41
Nicoya,CR,6/27/2021 1:52,10.1483,-85.452,71.15,95,99,2.44
Tiksi,RU,6/27/2021 1:52,71.6872,128.8694,35.04,87,100,6.22
Santa Cruz Del Sur,CU,6/27/2021 1:52,20.7147,-77.9956,77.02,86,22,13.22
Yeniseysk,RU,6/27/2021 1:52,58.4497,92.1703,57.56,84,79,5.26
Abu Dhabi,AE,6/27/2021 1:52,24.4667,54.3667,96.82,23,0,10.36
Provideniya,RU,6/27/2021 1:52,64.3833,-173.3,51.3,75,94,5.08
Arraial Do Cabo,BR,6/27/2021 1:52,-22.9661,-42.0278,71.08,78,86,22.75
Townsville,AU,6/27/2021 1:52,-19.25,146.8,74.28,60,75,9.22
Yulara,AU,6/27/2021 1:52,-25.2406,130.9889,51.64,58,9,17.27
Sabang,ID,6/27/2021 1:52,5.8933,95.3214,80.55,78,100,23.4
Rafai,CF,6/27/2021 1:52,4.95,23.9167,68.94,86,98,0.78
Peniche,PT,6/27/2021 1:52,39.3558,-9.3811,63.28,83,17,13.27
Ozark,US,6/27/2021 1:49,37.0209,-93.206,79.05,80,25,6.55
Keffi,NG,6/27/2021 1:52,8.8486,7.8736,70.16,97,100,4.63
Bonnyville,CA,6/27/2021 1:52,54.2668,-110.735,85.8,60,25,9.82
Sokolo,ML,6/27/2021 1:52,14.7328,-6.1219,89.76,37,88,6.91
Caravelas,BR,6/27/2021 1:52,-17.7125,-39.2481,70.56,60,43,3.6
Berlevag,NO,6/27/2021 1:52,70.8578,29.0864,45.93,91,100,5.03
Alugan,PH,6/27/2021 1:52,12.2188,125.4808,86.38,67,97,6.46
Arlit,NE,6/27/2021 1:52,18.7369,7.3853,90.99,9,0,14.45
San Isidro,PE,6/27/2021 1:52,-12.1167,-77.05,64.02,91,90,3
Guerrero Negro,MX,6/27/2021 1:52,27.9769,-114.0611,66.22,81,20,18.61
Ashcroft,CA,6/27/2021 1:52,50.7165,-121.2859,107.98,26,5,2.35
Baykit,RU,6/27/2021 1:52,61.67,96.37,54.66,59,99,7.25
Solnechnyy,RU,6/27/2021 1:52,50.7214,136.6319,67.26,70,82,3.74
Makarov,RU,6/27/2021 1:52,48.6333,142.8,48.56,96,100,3.89
Birzai,LT,6/27/2021 1:52,56.2,24.75,58.37,98,100,5.61
Iquitos,PE,6/27/2021 1:52,-3.7481,-73.2472,77.04,88,20,0
Norman Wells,CA,6/27/2021 1:52,65.282,-126.8329,86.04,28,75,13.8
Milwaukie,US,6/27/2021 1:52,45.4462,-122.6393,106.52,28,1,1.01
Nemuro,JP,6/27/2021 1:52,43.3236,145.575,72.03,95,79,8.99
Los Llanos De Aridane,ES,6/27/2021 1:52,28.6585,-17.9182,65.95,87,90,11.5
Scarborough,GB,6/27/2021 1:52,54.2797,-0.4044,55.92,87,100,1.01
Escanaba,US,6/27/2021 1:52,45.7453,-87.0646,66.16,82,90,0
Kanye,BW,6/27/2021 1:52,-24.9667,25.3327,44.24,48,0,4.56
Garowe,SO,6/27/2021 1:52,8.4054,48.4845,74.03,60,86,21.85
Calahorra,ES,6/27/2021 1:52,42.3051,-1.9652,66.11,90,85,1.95
Yanacancha,PE,6/27/2021 1:52,-10.2411,-76.6456,39.51,83,69,1.72
Buala,SB,6/27/2021 1:52,-8.145,159.5921,83.91,72,100,7.45
Acarau,BR,6/27/2021 1:49,-2.8856,-40.12,76.69,80,4,4.27
Nkhata Bay,MW,6/27/2021 1:52,-11.6066,34.2907,65.32,62,0,4.47
Beipiao,CN,6/27/2021 1:52,41.7919,120.7792,76.71,62,36,1.43
Casablanca,MA,6/27/2021 1:52,33.5928,-7.6192,71.33,78,67,8.99
San Carlos De Bariloche,AR,6/27/2021 1:52,-41.1456,-71.3082,34.45,56,0,5.75
Makakilo City,US,6/27/2021 1:52,21.3469,-158.0858,82.72,56,75,8.05
Trairi,BR,6/27/2021 1:49,-3.2778,-39.2689,74.1,85,0,3.94
Byron Bay,AU,6/27/2021 1:52,-28.65,153.6167,69.19,58,48,9.51
Nouadhibou,MR,6/27/2021 1:52,20.931,-17.0347,66.18,94,0,17.27
Bekovo,RU,6/27/2021 1:52,52.4663,43.712,67.42,86,18,5.19
Ocos,GT,6/27/2021 1:52,14.5094,-92.1933,82.72,75,100,7.43
Mecca,SA,6/27/2021 1:52,21.4267,39.8261,86.9,27,24,5.57
Adrar,MR,6/27/2021 1:52,20.5022,-10.0711,89.42,16,1,9.37
Tromso,NO,6/27/2021 1:50,69.6496,18.957,47.05,87,40,2.3
Kargil,IN,6/27/2021 1:52,34.5667,76.1,50.05,50,100,3.31
Shitanjing,CN,6/27/2021 1:52,39.2342,106.3439,84.2,13,14,6.96
San Quintin,MX,6/27/2021 1:52,30.4833,-115.95,66.85,75,0,14.76
Minot,US,6/27/2021 1:51,48.2325,-101.2963,75.42,53,75,10.36
Xai-Xai,MZ,6/27/2021 1:52,-25.0519,33.6442,67.57,88,0,6.69
Ler,SS,6/27/2021 1:52,8.3018,30.1418,73.63,74,73,1.36
Cam Ranh,VN,6/27/2021 1:52,11.9214,109.1591,87.76,62,20,4.61
Novikovo,RU,6/27/2021 1:52,51.1537,37.8879,69.87,82,96,7.18
Montepuez,MZ,6/27/2021 1:52,-13.1256,38.9997,58.57,97,0,2.62
Tecpan,GT,6/27/2021 1:52,14.7623,-90.9947,56.52,97,100,1.07
Kautokeino,NO,6/27/2021 1:52,69.0125,23.0412,49.66,79,91,4
Eureka,US,6/27/2021 1:52,40.8021,-124.1637,68.2,80,59,3
Pahrump,US,6/27/2021 1:52,36.2083,-115.9839,103.51,11,6,4
Gizo,SB,6/27/2021 1:52,-8.103,156.8419,82.78,75,99,5.59
Severomorsk,RU,6/27/2021 1:52,69.0689,33.4162,52.2,77,100,8.28
Acapulco,MX,6/27/2021 1:52,16.8634,-99.8901,76.82,88,90,4.61
Kantabanji,IN,6/27/2021 1:52,20.4833,82.9167,85.24,64,26,3.51
Okhotsk,RU,6/27/2021 1:52,59.3833,143.3,62.46,68,15,9.24
Raga,SS,6/27/2021 1:52,8.4596,25.678,70.39,83,87,3.85
Fort Nelson,CA,6/27/2021 1:52,58.8053,-122.7002,87.39,25,20,5.75
Turukhansk,RU,6/27/2021 1:52,65.8167,87.9833,47.19,81,100,3
Didi Lilo,GE,6/27/2021 1:52,41.7361,44.9647,69.58,68,40,17.27
Tarko-Sale,RU,6/27/2021 1:52,64.9225,77.785,52.12,50,6,11.07
Hofn,IS,6/27/2021 1:53,64.2539,-15.2082,51.94,64,100,0.89
Montlucon,FR,6/27/2021 1:53,46.3333,2.6,61.11,95,100,1.66
Ahipara,NZ,6/27/2021 1:53,-35.1667,173.1667,61.54,89,100,16.96
Buraydah,SA,6/27/2021 1:48,26.326,43.975,82.85,10,0,7.87
Kloulklubed,PW,6/27/2021 1:53,7.0419,134.2556,83.64,70,58,6.69
Leningradskiy,RU,6/27/2021 1:53,69.3833,178.4167,56.62,40,96,3.27
Talnakh,RU,6/27/2021 1:53,69.4865,88.3972,53.89,55,18,4.59
Hong Gai,VN,6/27/2021 1:53,20.956,107.0946,91.31,72,100,10.67
San Pedro,PH,6/27/2021 1:51,14.35,121.0167,88.32,74,40,4.61
Emba,KZ,6/27/2021 1:53,48.8264,58.1442,77.13,52,25,9.1
Ende,ID,6/27/2021 1:53,-8.8432,121.6623,85.33,69,99,4.59
Berdigestyakh,RU,6/27/2021 1:53,62.0989,126.6992,80.83,32,82,3.24
Souillac,MU,6/27/2021 1:53,-20.5167,57.5167,71.37,94,40,4.61
Santa Maria Del Oro,MX,6/27/2021 1:53,25.9333,-105.3667,83.97,23,58,16.28
Margate,GB,6/27/2021 1:53,51.3813,1.3862,61.7,97,100,3
Pitimbu,BR,6/27/2021 1:53,-7.4706,-34.8086,72.19,80,95,12.68
Halifax,CA,6/27/2021 1:53,44.6453,-63.5724,66.47,93,100,1.99
Praia,CV,6/27/2021 1:53,14.9215,-23.5087,77.54,78,75,11.5
Szany,HU,6/27/2021 1:53,47.4642,17.304,60.98,94,0,2.3
Kasongo-Lunda,CD,6/27/2021 1:53,-6.4667,16.8167,73.49,63,83,1.66
Santander,ES,6/27/2021 1:50,43.4647,-3.8044,63.46,91,75,3
Biak,ID,6/27/2021 1:53,-0.9131,122.8766,78.03,83,100,1.77
Tramagal,PT,6/27/2021 1:53,39.45,-8.25,61.97,82,8,3
Enshi,CN,6/27/2021 1:53,30.3,109.4833,83.14,81,100,0.94
Cedar City,US,6/27/2021 1:53,37.6775,-113.0619,82.4,17,91,15.66
Rio Gallegos,AR,6/27/2021 1:51,-51.6226,-69.2181,37.45,65,0,13.8
Serenje,ZM,6/27/2021 1:53,-13.2325,30.2352,50.72,64,0,3.89
Mbekenyera,TZ,6/27/2021 1:53,-10,38.9833,60.22,93,0,3.18
Tshikapa,CD,6/27/2021 1:53,-6.4167,20.8,68.4,44,2,2.8
Mount Pleasant,US,6/27/2021 1:53,32.7941,-79.8626,80.01,89,40,4
Terra Santa,BR,6/27/2021 1:53,-2.1042,-56.4869,77.86,73,86,3.51
Rawson,AR,6/27/2021 1:53,-43.3002,-65.1023,43.97,77,90,22.5
Camana,PE,6/27/2021 1:53,-16.6228,-72.7111,60.98,86,82,8.68
Progreso,MX,6/27/2021 1:53,21.2833,-89.6667,77.11,93,100,13.15
Ekibastuz,KZ,6/27/2021 1:53,51.6667,75.3667,65.25,45,16,14.18
Jinchang,CN,6/27/2021 1:53,38.4953,102.1739,78.6,38,3,5.19
Mabaruma,GY,6/27/2021 1:53,8.2,-59.7833,73.4,97,17,4.05
Lerwick,GB,6/27/2021 1:53,60.1545,-1.1494,50,91,49,15.35
Port Blair,IN,6/27/2021 1:53,11.6667,92.75,80.64,83,75,0
San Cristobal,VE,6/27/2021 1:53,7.7669,-72.225,73.58,97,81,1.83
Krasnoselkup,RU,6/27/2021 1:53,65.7,82.4667,47.86,58,68,15.86
Hervey Bay,AU,6/27/2021 1:53,-25.2986,152.8535,62.04,92,100,4
Ekhabi,RU,6/27/2021 1:53,53.5102,142.9671,57.15,67,6,9.66
Camargo,MX,6/27/2021 1:53,27.6667,-105.1667,88.3,30,90,16.17
Chiang Rai,TH,6/27/2021 1:53,19.9167,99.9167,82.13,89,40,2.3
Goderich,CA,6/27/2021 1:48,43.7501,-81.7165,77.32,78,100,12.66
Coari,BR,6/27/2021 1:53,-4.085,-63.1414,74.57,91,72,3
Kununurra,AU,6/27/2021 1:53,-15.7667,128.7333,73.38,31,100,12.66
Torbay,CA,6/27/2021 1:53,47.6666,-52.7314,61.57,73,75,23.02
Tarakan,ID,6/27/2021 1:53,3.3,117.6333,81.9,89,75,4.61
San Ignacio,BZ,6/27/2021 1:53,17.1561,-89.0714,80.74,78,75,0
Salinopolis,BR,6/27/2021 1:49,-0.6136,-47.3561,78.33,83,14,8.68
Labuhan,ID,6/27/2021 1:53,-6.8844,112.2051,82.38,77,59,5.79
Muisne,EC,6/27/2021 1:53,0.6,-80.0333,76.08,86,100,7.76
Tuatapere,NZ,6/27/2021 1:53,-46.1333,167.6833,53.82,83,93,3.94
Roma,US,6/27/2021 1:53,43.2128,-75.4557,84.06,67,84,1.01
Tiznit,MA,6/27/2021 1:53,29.5833,-9.5,68.9,45,0,1.7
Shintomi,JP,6/27/2021 1:53,32.0785,131.4723,67.32,97,100,9.91
Sitka,US,6/27/2021 1:53,57.0531,-135.33,66.06,76,100,4.18
Taoudenni,ML,6/27/2021 1:53,22.6783,-3.9836,98.69,10,1,3.76
Jijiga,ET,6/27/2021 1:53,9.35,42.8,60.78,81,71,14.72
Pemba,MZ,6/27/2021 1:53,-12.974,40.5178,74.05,70,0,5.61
Marabba,SD,6/27/2021 1:53,12.35,32.1833,83.75,56,100,16.06
Pareora,NZ,6/27/2021 1:53,-44.4871,171.2132,58.17,59,97,6.35
Valparaiso,CL,6/27/2021 1:53,-33.0393,-71.6273,50.47,67,0,6.91
Coahuayana,MX,6/27/2021 1:53,18.7333,-103.6833,71.35,95,100,5.35
Frontera,MX,6/27/2021 1:53,26.9333,-101.45,92.79,24,5,18.84
Pierre,US,6/27/2021 1:53,44.3683,-100.351,74.98,59,100,8.99
Gamba,GA,6/27/2021 1:53,-2.65,10,71.42,95,69,3.94
Port Hardy,CA,6/27/2021 1:53,50.6996,-127.4199,82.58,47,1,8.05
Itoman,JP,6/27/2021 1:53,26.1247,127.6694,82.78,96,75,5.75
Hovd,MN,6/27/2021 1:53,48.0056,91.6419,63.48,28,39,1.16
Pictou,CA,6/27/2021 1:53,45.6834,-62.7153,69.24,88,100,10.36
Puerto Del Rosario,ES,6/27/2021 1:53,28.5004,-13.8627,69.55,78,9,13.8
Iracoubo,GF,6/27/2021 1:53,5.4802,-53.2011,76.98,86,7,8.05
Port Hedland,AU,6/27/2021 1:53,-20.3167,118.5667,68.05,42,90,16.11
Inhambane,MZ,6/27/2021 1:53,-23.865,35.3833,64.62,84,0,5.7
San Anselmo,US,6/27/2021 1:53,37.9747,-122.5616,86.04,78,1,4.61
Prince Rupert,CA,6/27/2021 1:53,54.3161,-130.3201,66.29,82,1,4.61
Ballina,AU,6/27/2021 1:53,-28.8667,153.5667,62.56,60,30,10.36
Wanxian,CN,6/27/2021 1:53,30.8039,108.3897,83.46,87,100,1.97
Wells,GB,6/27/2021 1:53,51.2079,-2.649,60.19,87,100,11.1
Abaza,RU,6/27/2021 1:53,52.655,90.0928,59.2,69,58,3.11
Raton,US,6/27/2021 1:53,36.9034,-104.4391,66.54,82,99,1.77
Warrington,GB,6/27/2021 1:53,53.3925,-2.5802,57.87,89,2,8.05
Harnosand,SE,6/27/2021 1:53,62.6323,17.9379,57,75,87,6.71
Santa Cruz,BO,6/27/2021 1:51,-17.8,-63.1667,72.86,94,75,2.3
Nchelenge,ZM,6/27/2021 1:53,-9.3451,28.734,59.4,57,0,6.49
Omsukchan,RU,6/27/2021 1:53,62.5333,155.8,73.62,30,11,8.08
Paciran,ID,6/27/2021 1:53,-6.8767,112.3761,82.58,77,49,6.08
Yamada,JP,6/27/2021 1:53,39.4667,141.95,74.89,68,63,6.11
Huarmey,PE,6/27/2021 1:53,-10.0681,-78.1522,63.82,85,53,9.33
Chara,RU,6/27/2021 1:53,56.9064,118.2631,77,48,92,1.86
Altamont,US,6/27/2021 1:49,42.2068,-121.7372,95.77,21,1,3
Troitsko-Pechorsk,RU,6/27/2021 1:53,62.7084,56.1964,64.24,56,66,3.69
Madisonville,US,6/27/2021 1:49,37.3281,-87.4989,82.15,75,31,13.6
Trapani,IT,6/27/2021 1:53,37.8333,12.6667,84.27,50,20,3
Sibolga,ID,6/27/2021 1:53,1.7427,98.7792,80.6,77,28,1.59
Vardo,NO,6/27/2021 1:53,70.3705,31.1107,46.04,90,100,6.08
Daoukro,CI,6/27/2021 1:53,7.0591,-3.9631,71.42,98,99,1.07
Ornskoldsvik,SE,6/27/2021 1:53,63.2909,18.7153,51.62,93,20,3.44
Goalpara,IN,6/27/2021 1:53,26.1667,90.6167,83.34,81,45,4.74
Dunedin,NZ,6/27/2021 1:53,-45.8742,170.5036,53.8,87,48,3
Urengoy,RU,6/27/2021 1:53,65.9667,78.3667,51.73,48,1,13.4
Zabol,AF,6/27/2021 1:53,32.25,67.25,68.16,43,0,6.29
Hualmay,PE,6/27/2021 1:53,-11.0964,-77.6139,62.53,83,51,10.11
Zakamensk,RU,6/27/2021 1:53,50.3741,103.2863,59.61,95,100,2.46
Minab,IR,6/27/2021 1:53,27.1467,57.0801,80.1,32,0,2.51
Guican,CO,6/27/2021 1:53,6.4618,-72.4113,48.54,93,100,1.9
Nago,JP,6/27/2021 1:53,26.5881,127.9761,82.83,89,94,10.2
Heishan,CN,6/27/2021 1:53,41.6892,122.1128,68.49,95,100,10.2
Malpe,IN,6/27/2021 1:53,13.35,74.7167,74.5,82,100,2.28
Haines Junction,CA,6/27/2021 1:53,60.7522,-137.5108,69.75,35,100,5.75
Narimanov,RU,6/27/2021 1:53,46.6927,47.8498,75.11,44,98,7.54
Paris,FR,6/27/2021 1:51,48.8534,2.3488,65.17,92,90,4.61
Umba,RU,6/27/2021 1:53,66.6871,34.3429,47.37,88,98,4.81
Rongcheng,CN,6/27/2021 1:53,30.634,117.8517,77.29,98,100,2.04
Camacupa,AO,6/27/2021 1:53,-12.0167,17.4833,51.93,50,2,4.05
Newala,TZ,6/27/2021 1:53,-10.9431,39.2787,56.68,97,1,3.06
Flinders,AU,6/27/2021 1:53,-34.5833,150.8552,64.18,49,0,1.01
Srednekolymsk,RU,6/27/2021 1:53,67.45,153.6833,83.8,23,79,4.99
Vanimo,PG,6/27/2021 1:53,-2.6741,141.3028,84.87,67,37,7.02
Nishihara,JP,6/27/2021 1:53,26.1842,127.7558,82.06,97,90,4.61
Esil,KZ,6/27/2021 1:53,51.9556,66.4042,68.83,49,68,6.15
Agirish,RU,6/27/2021 1:53,61.9247,63.0231,53.26,98,100,5.79
Leshukonskoye,RU,6/27/2021 1:53,64.8989,45.7622,52.66,80,16,6.15
Katherine,AU,6/27/2021 1:53,-14.4667,132.2667,73.72,35,79,13.8
Bitung,ID,6/27/2021 1:53,1.4451,125.1824,83.25,76,100,6.69
Flin Flon,CA,6/27/2021 1:53,54.7682,-101.865,63.41,84,100,5.3
Wanning,CN,6/27/2021 1:53,18.8003,110.3967,88.27,70,100,13.78
Taupo,NZ,6/27/2021 1:53,-38.6833,176.0833,56.25,96,100,13.04
Ucluelet,CA,6/27/2021 1:53,48.9329,-125.5528,99.09,66,1,5.97
Vilhena,BR,6/27/2021 1:53,-12.7406,-60.1458,70.34,67,20,3.18
Pueblo,US,6/27/2021 1:53,38.2545,-104.6091,65.26,79,100,8.46
Omama,JP,6/27/2021 1:53,36.4333,139.2833,75.06,62,100,3.65
Thunder Bay,CA,6/27/2021 1:53,48.4001,-89.3168,68.99,88,90,0
Quelimane,MZ,6/27/2021 1:53,-17.8786,36.8883,63.43,95,3,4.88
Maceio,BR,6/27/2021 1:49,-9.6658,-35.7353,69.24,88,0,4.61
Oranjemund,NA,6/27/2021 1:53,-28.55,16.4333,52.72,74,9,3.42
Urumqi,CN,6/27/2021 1:53,43.801,87.6005,63.55,45,0,6.71
Alice Springs,AU,6/27/2021 1:53,-23.7,133.8833,51.35,58,3,19.57
San Andres,CO,6/27/2021 1:53,12.5847,-81.7006,80.62,78,90,4.61
Touros,BR,6/27/2021 1:53,-5.1989,-35.4608,76.1,76,71,15.86
Amapa,BR,6/27/2021 1:53,1,-52,70.75,95,96,1.83
Wewak,PG,6/27/2021 1:53,-3.5534,143.6268,82.04,79,88,5.1
Sorland,NO,6/27/2021 1:53,67.667,12.6934,50.36,93,100,31.88
Cassilandia,BR,6/27/2021 1:53,-19.1133,-51.7342,66.97,36,70,3.24
Zlitan,LY,6/27/2021 1:53,32.4674,14.5687,83.3,34,0,11.16
Kuching,MY,6/27/2021 1:53,1.55,110.3333,75.42,94,40,2.3
Port Lincoln,AU,6/27/2021 1:53,-34.7333,135.8667,60.15,76,21,13.09
Neuhof,DE,6/27/2021 1:53,50.4531,9.6175,62.46,94,100,2.66
Crotone,IT,6/27/2021 1:53,39.0851,17.1178,73.92,61,36,8.01
Sotuta,MX,6/27/2021 1:53,20.6,-89.0167,72.88,94,100,5.17
Pochutla,MX,6/27/2021 1:53,15.7432,-96.4661,74.82,68,100,9.44
Dingle,PH,6/27/2021 1:53,10.9995,122.6711,85.15,70,100,5.03
Lasa,IT,6/27/2021 1:53,46.6166,10.7002,59.36,90,39,2.1
Arica,CL,6/27/2021 1:53,-18.475,-70.3042,60.06,84,54,0.96
Qidong,CN,6/27/2021 1:53,31.8128,121.6561,78.98,86,100,7.78
Porto Novo,BJ,6/27/2021 1:53,6.4965,2.6036,75.02,94,96,4.29
Atasu,KZ,6/27/2021 1:53,48.6814,71.6433,63.64,38,58,10.51
Burnie,AU,6/27/2021 1:53,-41.0667,145.9167,53.8,63,43,10.74
Dauphin,CA,6/27/2021 1:53,51.1494,-100.0502,75.34,53,1,5.75
Geraldton,AU,6/27/2021 1:53,-28.7667,114.6,55.81,67,40,20.71
Nayoro,JP,6/27/2021 1:53,44.3506,142.4578,78.55,46,100,3.94
Rantepao,ID,6/27/2021 1:53,-2.9701,119.8978,74.95,80,98,3.36
Sobolevo,RU,6/27/2021 1:53,54.4299,31.8996,62.17,90,84,1.7
Almaznyy,RU,6/27/2021 1:53,48.0448,40.045,69.94,88,62,9.93
Riohacha,CO,6/27/2021 1:53,11.5444,-72.9072,78.53,86,100,5.28
Kalnibolotskaya,RU,6/27/2021 1:53,46.0058,40.4568,66.81,96,11,6.35
Menongue,AO,6/27/2021 1:53,-14.6585,17.691,49.46,54,38,3.04
Sorong,ID,6/27/2021 1:53,-0.8833,131.25,83.62,69,78,2.17
Chicama,PE,6/27/2021 1:53,-7.8447,-79.1469,64.02,85,68,5.57
Abu Samrah,SY,6/27/2021 1:53,35.3029,37.1841,74.43,54,0,6.08
Colwyn Bay,GB,6/27/2021 1:53,53.2948,-3.7267,57.27,95,50,3
Stabat,ID,6/27/2021 1:53,3.761,98.4513,80.8,75,15,1.77
Osypenko,UA,6/27/2021 1:53,46.9136,36.8253,72.84,89,11,3.6
Budakalasz,HU,6/27/2021 1:53,47.6167,19.05,69.71,76,38,2.42
Hobyo,SO,6/27/2021 1:53,5.3505,48.5268,76.98,86,96,21.47
Bousso,TD,6/27/2021 1:53,10.4795,16.7117,80.92,59,97,8.75
North Platte,US,6/27/2021 1:53,41.1239,-100.7654,74.25,51,53,1.01
Isiro,CD,6/27/2021 1:53,2.7739,27.616,68.54,84,96,2.59
Ukiah,US,6/27/2021 1:53,39.1502,-123.2078,104.02,23,1,9.22
Beringovskiy,RU,6/27/2021 1:53,63.05,179.3167,41.16,89,100,4.21
Cap-Aux-Meules,CA,6/27/2021 1:53,47.3821,-61.8597,66.25,82,75,6.91
